<?xml version="1.0" encoding="UTF-8"?>
<project name="emr-mob" default="all">
  
  
  <property file="emr-mob.properties"/>
  <!-- Uncomment the following property if no tests compilation is needed -->
  <!-- 
  <property name="skip.tests" value="true"/>
   -->
  
  <!-- Compiler options -->
  
  <property name="compiler.debug" value="on"/>
  <property name="compiler.generate.no.warnings" value="off"/>
  <property name="compiler.args" value=""/>
  <property name="compiler.max.memory" value="700m"/>
  <patternset id="ignored.files">
    <exclude name="**/CVS/**"/>
    <exclude name="**/SCCS/**"/>
    <exclude name="**/RCS/**"/>
    <exclude name="**/rcs/**"/>
    <exclude name="**/.DS_Store/**"/>
    <exclude name="**/.svn/**"/>
    <exclude name="**/.pyc/**"/>
    <exclude name="**/.pyo/**"/>
    <exclude name="**/*.pyc/**"/>
    <exclude name="**/*.pyo/**"/>
    <exclude name="**/.git/**"/>
    <exclude name="**/*.hprof/**"/>
    <exclude name="**/_svn/**"/>
    <exclude name="**/.hg/**"/>
    <exclude name="**/*.lib/**"/>
    <exclude name="**/*~/**"/>
    <exclude name="**/__pycache__/**"/>
    <exclude name="**/.bundle/**"/>
    <exclude name="**/*.rbc/**"/>
  </patternset>
  <patternset id="library.patterns">
    <include name="*.zip"/>
    <include name="*.apk"/>
    <include name="*.war"/>
    <include name="*.egg"/>
    <include name="*.ear"/>
    <include name="*.ane"/>
    <include name="*.swc"/>
    <include name="*.jar"/>
  </patternset>
  <patternset id="compiler.resources">
    <exclude name="**/?*.java"/>
    <exclude name="**/?*.form"/>
    <exclude name="**/?*.class"/>
    <exclude name="**/?*.groovy"/>
    <exclude name="**/?*.scala"/>
    <exclude name="**/?*.flex"/>
    <exclude name="**/?*.kt"/>
    <exclude name="**/?*.clj"/>
  </patternset>
  
  <property name="project.jdk.home" value=""/>
  <property name="project.jdk.bin" value=""/>
  <property name="project.jdk.classpath" value=""/>
  <!-- Register Custom Compiler Taskdefs -->
  <property name="javac2.home" value="${idea.home}/lib"/>
  <path id="javac2.classpath">
    <pathelement location="${javac2.home}/javac2.jar"/>
    <pathelement location="${javac2.home}/jdom.jar"/>
    <pathelement location="${javac2.home}/asm4-all.jar"/>
    <pathelement location="${javac2.home}/jgoodies-forms.jar"/>
  </path>
  <target name="register.custom.compilers">
    <taskdef name="javac2" classname="com.intellij.ant.Javac2" classpathref="javac2.classpath"/>
    <taskdef name="instrumentIdeaExtensions" classname="com.intellij.ant.InstrumentIdeaExtensions" classpathref="javac2.classpath"/>
  </target>
  
  <!-- Modules -->
  
  
  <!-- Module emr-mob -->
  
  <dirname property="module.emr-mob.basedir" file="${ant.file}"/>
  
  
  <property name="module.jdk.home.emr-mob" value="${project.jdk.home}"/>
  <property name="module.jdk.bin.emr-mob" value="${project.jdk.bin}"/>
  <property name="module.jdk.classpath.emr-mob" value="${project.jdk.classpath}"/>
  
  <property name="compiler.args.emr-mob" value="-encoding UTF-8 -source 1.6 ${compiler.args}"/>
  
  <property name="emr-mob.output.dir" value="undefined"/>
  <property name="emr-mob.testoutput.dir" value="undefined"/>
  
  <path id="emr-mob.module.bootclasspath">
    <!-- Paths to be included in compilation bootclasspath -->
  </path>
  
  <path id="emr-mob.module.production.classpath"/>
  
  <path id="emr-mob.runtime.production.module.classpath"/>
  
  <path id="emr-mob.module.classpath"/>
  
  <path id="emr-mob.runtime.module.classpath"/>
  
  
  <patternset id="excluded.from.module.emr-mob">
    <patternset refid="ignored.files"/>
  </patternset>
  
  <patternset id="excluded.from.compilation.emr-mob">
    <patternset refid="excluded.from.module.emr-mob"/>
  </patternset>
  
  
  <target name="compile.module.emr-mob" depends="compile.module.emr-mob.production,compile.module.emr-mob.tests" description="Compile module emr-mob"/>
  
  <target name="compile.module.emr-mob.production" depends="register.custom.compilers" description="Compile module emr-mob; production classes"/>
  
  <target name="compile.module.emr-mob.tests" depends="register.custom.compilers,compile.module.emr-mob.production" description="compile module emr-mob; test classes" unless="skip.tests"/>
  
  <target name="clean.module.emr-mob" description="cleanup module">
    <delete dir="${emr-mob.output.dir}"/>
    <delete dir="${emr-mob.testoutput.dir}"/>
  </target>
  
  <target name="init" description="Build initialization">
    <!-- Perform any build initialization in this target -->
  </target>
  
  <target name="clean" depends="clean.module.emr-mob" description="cleanup all"/>
  
  <target name="build.modules" depends="init, clean, compile.module.emr-mob" description="build all modules"/>
  
  <target name="all" depends="build.modules" description="build all"/>
</project>